{
    "accuracy": 0.8582,
    "precision": 0.8432227488151659,
    "recall": 0.8827148243699147,
    "f1-score": 0.8625169672290092,
    "false_positive_rate": 0.16670026204394275,
    "false_negative_rate": 0.11728517563008534
}