{
    "accuracy": 0.8653,
    "precision": 0.8812474184221396,
    "recall": 0.8467949990077396,
    "f1-score": 0.8636777654083595,
    "false_positive_rate": 0.1159040516024995,
    "false_negative_rate": 0.15320500099226037
}