{
    "accuracy": 0.8747,
    "precision": 0.8708855799373041,
    "recall": 0.8821194681484421,
    "f1-score": 0.8764665286404417,
    "false_positive_rate": 0.13283612174964726,
    "false_negative_rate": 0.11788053185155785
}