{
    "accuracy": 0.8686,
    "precision": 0.8814253532664346,
    "recall": 0.854137725739234,
    "f1-score": 0.8675670227776658,
    "false_positive_rate": 0.11671034065712559,
    "false_negative_rate": 0.14586227426076603
}