{
    "accuracy": 0.8893,
    "precision": 0.8796832753959057,
    "recall": 0.903949196269101,
    "f1-score": 0.891651169619262,
    "false_positive_rate": 0.1255795202580125,
    "false_negative_rate": 0.09605080373089898
}