{
    "accuracy": 0.873,
    "precision": 0.8671342294954217,
    "recall": 0.8833101805913872,
    "f1-score": 0.875147463625639,
    "false_positive_rate": 0.13747228381374724,
    "false_negative_rate": 0.11668981940861282
}